<?xml version="1.0" encoding="UTF-8"?><?xml-stylesheet type='text/xsl' href='_UpgradeReport_Files/UpgradeReport.xslt'?><UpgradeLog>
<Properties><Property Name="Solution" Value="DeviceManagement">
</Property><Property Name="Solution File" Value="C:\Documents and Settings\marimcf\Desktop\SDK\SDK_TRIX\Communication Protocol SDK(Fit for 2000,Xp,Vista32Bit)\Demo\C#\Black&amp;White\Device Management\DeviceManagement.sln">
</Property><Property Name="User Options File" Value="C:\Documents and Settings\marimcf\Desktop\SDK\SDK_TRIX\Communication Protocol SDK(Fit for 2000,Xp,Vista32Bit)\Demo\C#\Black&amp;White\Device Management\DeviceManagement.suo">
</Property><Property Name="Date" Value="quinta-feira, 19 de julho de 2012">
</Property><Property Name="Time" Value="17:20">
</Property></Properties><Event ErrorLevel="0" Project="" Source="DeviceManagement.sln" Description="File successfully backed up as C:\Documents and Settings\marimcf\Desktop\SDK\SDK_TRIX\Communication Protocol SDK(Fit for 2000,Xp,Vista32Bit)\Demo\C#\Black&amp;White\Device Management\Backup\DeviceManagement.sln">
</Event><Event ErrorLevel="0" Project="" Source="DeviceManagement.suo" Description="File successfully backed up as C:\Documents and Settings\marimcf\Desktop\SDK\SDK_TRIX\Communication Protocol SDK(Fit for 2000,Xp,Vista32Bit)\Demo\C#\Black&amp;White\Device Management\Backup\DeviceManagement.suo">
</Event><Event ErrorLevel="0" Project="Device" Source="Device.csproj" Description="Project file successfully backed up as C:\Documents and Settings\marimcf\Desktop\SDK\SDK_TRIX\Communication Protocol SDK(Fit for 2000,Xp,Vista32Bit)\Demo\C#\Black&amp;White\Device Management\Backup\Device.csproj">
</Event><Event ErrorLevel="0" Project="Device" Source="DeviceMain.cs" Description="File successfully backed up as C:\Documents and Settings\marimcf\Desktop\SDK\SDK_TRIX\Communication Protocol SDK(Fit for 2000,Xp,Vista32Bit)\Demo\C#\Black&amp;White\Device Management\Backup\DeviceMain.cs">
</Event><Event ErrorLevel="0" Project="Device" Source="DeviceMain.Designer.cs" Description="File successfully backed up as C:\Documents and Settings\marimcf\Desktop\SDK\SDK_TRIX\Communication Protocol SDK(Fit for 2000,Xp,Vista32Bit)\Demo\C#\Black&amp;White\Device Management\Backup\DeviceMain.Designer.cs">
</Event><Event ErrorLevel="0" Project="Device" Source="Program.cs" Description="File successfully backed up as C:\Documents and Settings\marimcf\Desktop\SDK\SDK_TRIX\Communication Protocol SDK(Fit for 2000,Xp,Vista32Bit)\Demo\C#\Black&amp;White\Device Management\Backup\Program.cs">
</Event><Event ErrorLevel="0" Project="Device" Source="Properties\AssemblyInfo.cs" Description="File successfully backed up as C:\Documents and Settings\marimcf\Desktop\SDK\SDK_TRIX\Communication Protocol SDK(Fit for 2000,Xp,Vista32Bit)\Demo\C#\Black&amp;White\Device Management\Backup\Properties\AssemblyInfo.cs">
</Event><Event ErrorLevel="0" Project="Device" Source="Properties\Resources.Designer.cs" Description="File successfully backed up as C:\Documents and Settings\marimcf\Desktop\SDK\SDK_TRIX\Communication Protocol SDK(Fit for 2000,Xp,Vista32Bit)\Demo\C#\Black&amp;White\Device Management\Backup\Properties\Resources.Designer.cs">
</Event><Event ErrorLevel="0" Project="Device" Source="Properties\Settings.Designer.cs" Description="File successfully backed up as C:\Documents and Settings\marimcf\Desktop\SDK\SDK_TRIX\Communication Protocol SDK(Fit for 2000,Xp,Vista32Bit)\Demo\C#\Black&amp;White\Device Management\Backup\Properties\Settings.Designer.cs">
</Event><Event ErrorLevel="0" Project="Device" Source="SearchforUSBCom.cs" Description="File successfully backed up as C:\Documents and Settings\marimcf\Desktop\SDK\SDK_TRIX\Communication Protocol SDK(Fit for 2000,Xp,Vista32Bit)\Demo\C#\Black&amp;White\Device Management\Backup\SearchforUSBCom.cs">
</Event><Event ErrorLevel="0" Project="Device" Source="Properties\Settings.settings" Description="File successfully backed up as C:\Documents and Settings\marimcf\Desktop\SDK\SDK_TRIX\Communication Protocol SDK(Fit for 2000,Xp,Vista32Bit)\Demo\C#\Black&amp;White\Device Management\Backup\Properties\Settings.settings">
</Event><Event ErrorLevel="0" Project="Device" Source="images\top955.jpg" Description="File successfully backed up as C:\Documents and Settings\marimcf\Desktop\SDK\SDK_TRIX\Communication Protocol SDK(Fit for 2000,Xp,Vista32Bit)\Demo\C#\Black&amp;White\Device Management\Backup\images\top955.jpg">
</Event><Event ErrorLevel="0" Project="Device" Source="DeviceMain.resx" Description="File successfully backed up as C:\Documents and Settings\marimcf\Desktop\SDK\SDK_TRIX\Communication Protocol SDK(Fit for 2000,Xp,Vista32Bit)\Demo\C#\Black&amp;White\Device Management\Backup\DeviceMain.resx">
</Event><Event ErrorLevel="0" Project="Device" Source="Properties\Resources.resx" Description="File successfully backed up as C:\Documents and Settings\marimcf\Desktop\SDK\SDK_TRIX\Communication Protocol SDK(Fit for 2000,Xp,Vista32Bit)\Demo\C#\Black&amp;White\Device Management\Backup\Properties\Resources.resx">
</Event><Event ErrorLevel="1" Project="Device" Source="Device.csproj" Description="Your project is targeting .NET Framework 2.0 or 3.0. If your project uses assemblies requiring a newer .NET Framework, your project will fail to build. You can change the .NET Framework version by clicking Properties on the project menu and then selecting a new version in the '.NET Framework' dropdown box. (In Visual Basic, this is located on the Compile tab by clicking the 'Advanced Compiler Options...' button.)">
</Event><Event ErrorLevel="0" Project="Device" Source="Device.csproj" Description="Project converted successfully">
</Event><Event ErrorLevel="3" Project="Device" Source="Device.csproj" Description="Converted">
</Event><Event ErrorLevel="0" Project="" Source="DeviceManagement.sln" Description="Solution converted successfully">
</Event><Event ErrorLevel="3" Project="" Source="DeviceManagement.sln" Description="Converted">
</Event><Event ErrorLevel="0" Project="Device" Source="Device.csproj" Description="Scan complete: Upgrade not required for project files.">
</Event></UpgradeLog>